{
  "1": {},
  "10": {
    "ywxatbk0": 0.9997968786727666,
    "0ufwlw87": 0.9997534504796537,
    "x9j94s4j": 0.9997343837859483,
    "2s23t6us": 0.999557482347228,
    "f0sc3vmp": 0.9993612491750996,
    "g21s7pxu": 0.9993612491750996,
    "fu70v0xc": 0.9992065487874131,
    "all7ocnd": 0.9989768108331694,
    "i3jyq7v6": 0.9981996362302727,
    "yv3x3g4u": 0.9971954827493479
  },
  "11": {
    "ba5x3ysq": 0.9932447641455706,
    "l9tkt4th": 0.9932447641455706,
    "u9cjb5md": 0.9892557690946997,
    "6lxgl8y0": 0.9358056987700281,
    "tof0so67": 0.8694778355660995,
    "64sox1ud": 0.8024285340594995,
    "irkjiqll": 0.6903422267741287,
    "tbq04dwn": 0.6417955230007418,
    "vu74w8ga": 0.5332463808159758,
    "h1z8rg9p": 0.00005710475938507627
  },
  "12": {
    "n1z68cyg": 0.4553583343672406,
    "5amcwzh2": 0.06272998533912227,
    "pkh8puhp": 0.029838066865429256,
    "d5p4chhg": 0.026423476627547345,
    "v7ve09z8": 0.011322691450818316,
    "pyxjikyr": 0.011322691450818316,
    "1fo24dq8": 0.01080879326006187,
    "y816th9a": 0.010230711449411652,
    "yo2zancp": 0.009171043701099819,
    "ao4239qg": 0.006169155715022927
  },
  "13": {},
  "14": {
    "koq7upoq": 0.9927342752497278,
    "kb8dz8hd": 0.9927342752497278,
    "g83oxgig": 0.9780786560440548,
    "opm8pghh": 0.000012684586925975781
  },
  "15": {
    "hgau3922": 0.9507596293963564,
    "959w9sln": 0.9358228408056392,
    "0egc0hkx": 0.6603302333609559,
    "712nvzp5": 0.26242407861272915
  },
  "16": {
    "ylmdrjus": 0.9998393304430617,
    "4xhc0lgu": 0.9990184934032542,
    "k9xhphpl": 0.9988186528045314,
    "2opk4vn7": 0.9964610766455341,
    "tjplc5j6": 0.9950919960019519,
    "ej93duxi": 0.9928315053638318,
    "ssq0dwmn": 0.9906742510906393,
    "92fc8ob4": 0.9903557872365293,
    "8s9671zf": 0.972908850146516,
    "ou7w3zkv": 0.9699309829737655
  },
  "17": {
    "dzvfaa8z": 0.9995214295578577,
    "68xv786q": 0.9963795222518481,
    "ipwrd9bf": 0.9952519438869575,
    "zsgv8iec": 0.994846118174419,
    "h10o18ss": 0.9941531002309006,
    "ym5vrcdm": 0.7674532732709551,
    "abg99l2d": 0.000029587268326539468
  },
  "18": {
    "114ku0qw": 0.9958765602784915,
    "rnle3aji": 0.995185570664196,
    "4y2hi2e9": 0.9861392199457782,
    "2ayrjhk4": 0.9674318290012809,
    "1j3ou5yv": 0.025959762507590602
  },
  "19": {
    "5ir82dxi": 0.992170743511194,
    "rq8sjc8q": 0.9917860813618096,
    "y777xosr": 0.9854104580513803,
    "o6pupkuj": 0.9819547647922088,
    "d26y5291": 0.979240845282282,
    "r5bfebsp": 0.9786706194197378,
    "odfssrr6": 0.9780831540514422,
    "ji5pqh47": 0.9740988074150922,
    "0a8sp3iz": 0.8921247821390073,
    "eevs62xf": 0.8921247821390073
  },
  "2": {
    "hnbnr731": 0.9231135175528516,
    "92fc8ob4": 0.7257671678468353,
    "mt65k5xw": 0.6742419377575565,
    "zibyhw7e": 0.6438736593893366,
    "fj3a2y1o": 0.572418690380812,
    "gwh0tsvv": 0.33391983524006563,
    "0pujch9v": 0.22001035239245342,
    "gctnx6j1": 0.13012871660785444,
    "3svnvozz": 0.08667558091613235,
    "9v83g7dj": 0.0014965065340215434
  },
  "20": {
    "4ctk5vme": 0.9999549854635246,
    "7a06u9uq": 0.9999501831922041,
    "dwcu6vyp": 0.9998226856727603,
    "hn6wni8d": 0.9998224958745777,
    "s4ty52kb": 0.9996055778076126,
    "xl9wh4wv": 0.9994090164506385,
    "9iitpj8u": 0.9992494979640343,
    "7ae0galy": 0.9991254106787426,
    "7necpu7c": 0.9990949825673839,
    "v8tfxd6a": 0.9989544702193897
  },
  "21": {
    "gs9nvs5h": 0.8955245952453946,
    "r086n6hq": 0.8744875170362573,
    "op16ufhz": 0.8510016061872223,
    "2xs29l81": 0.8421573394376475,
    "7sddz7ck": 0.7887544068295534,
    "519u31z6": 0.5382739487131157,
    "xwpqae0r": 0.49097245325872524,
    "vzmn6zep": 0.40992442466600637,
    "yjt2g95o": 0.40992442466600637,
    "tecnmybz": 0.20769731326572885
  },
  "22": {
    "emj1wdac": 0.9997064618105533
  },
  "23": {
    "l2mpfuvz": 0.9949767246389286,
    "49d3w525": 0.9945195092396477,
    "6xntcvmb": 0.992755246095079,
    "bzz8ydcs": 0.9896417707491835,
    "tmrcgdal": 0.9016973977392915,
    "ba5zus8h": 0.44550886956139374
  },
  "24": {
    "b7m5go9y": 0.9979149427553112,
    "b9fxrt0z": 0.9711463744910416
  },
  "25": {
    "78qyuk5x": 0.9986587371922157,
    "ngbrh8sr": 0.9986587371922157,
    "9k8r18x7": 0.9746599160549502,
    "xi9c7d1t": 0.9731666534686507,
    "5whhhml9": 0.9706705743888961,
    "awcfs1qg": 0.9664988583864041,
    "q4cgt376": 0.9293553920545147,
    "gzg07b41": 0.9039704340567248,
    "vrjucrrk": 0.8445200798424444,
    "0vphhf10": 0.8445200798424444
  },
  "26": {},
  "27": {
    "ls6cdive": 0.998763431949365,
    "qlir6keq": 0.998763431949365,
    "n15i01tn": 0.9961987429332784,
    "r6as6syi": 0.9811915608493006,
    "svfmc5y5": 0.4559452157759557,
    "ai1x7cue": 0.010847773030984385
  },
  "28": {},
  "29": {
    "uuy94dwa": 0.9978035831414513,
    "6qvdrrmj": 0.9975710024299214,
    "38d6gb7o": 0.9923708300723172,
    "2cvvkrx9": 0.9888638236192298,
    "4tis2he4": 0.9871014683413916,
    "hg9i6v26": 0.9829242808211528,
    "eje3i558": 0.9815469222909511,
    "agc89fqv": 0.9790509920592976,
    "le3xa2p8": 0.9775328119297199,
    "xb5p25gk": 0.9752243507701476
  },
  "3": {
    "vqnkdskx": 0.8920195803032375
  },
  "30": {
    "twn38v3a": 0.9998654082462287,
    "zlmv67ia": 0.9998625005589025,
    "928lhz2l": 0.999843067777355,
    "40vtvseh": 0.9998108942804544,
    "op4t2mu4": 0.9997723620605355,
    "m2k6usaz": 0.9997447496007805,
    "pi6pezv5": 0.9997447496007805,
    "wcdq0fqj": 0.9997100061907196,
    "0b8thzom": 0.000014262077171982556
  },
  "31": {
    "kvh60zd5": 0.9503511300938328,
    "thb2pox2": 0.8794346922352432,
    "sslt85h9": 0.851381436119233,
    "l11puhp4": 0.8158250294973508,
    "clxza5zy": 0.7809395645756666,
    "3xw4qjoy": 0.7567911243400508,
    "5qhguue3": 0.7567911243400508,
    "cpp5zzgx": 0.7261362865775243,
    "6eptw6io": 0.6906702672254189,
    "1n5ej08f": 0.6423948923204542
  },
  "32": {},
  "33": {
    "n6tdfpro": 0.9984494158110641,
    "gf44xeb6": 0.9984053773627275,
    "o8bkorjn": 0.9983450663019678,
    "ievuxa6k": 0.9760839468420952,
    "cdctlduc": 0.7203303479866981,
    "aoxsl823": 0.0015118640049825067
  },
  "34": {
    "s3xgx1pc": 0.747809301863425
  },
  "35": {
    "fvgxzbmx": 0.796714927661834,
    "e8jrzry4": 0.00003333420408301491,
    "qmn5vrnq": 0.000023272856994588735
  },
  "36": {
    "30bc6f4r": 0.9996781310735375,
    "5xm7cwjz": 0.9994711154606795,
    "2bz78yl1": 0.9994711154606795,
    "jkogufv6": 0.9993853089781886,
    "rwxtiki2": 0.9993666259279093,
    "oqgajdsn": 0.9992011136162823,
    "40ejbv5j": 0.9992011136162823,
    "pm8usc55": 0.9991631971579418,
    "5oisrm5s": 0.9990235579999511,
    "rrqevyj4": 0.9989363214763607
  },
  "37": {
    "whmawr4q": 0.9986611021524653,
    "hze05jnf": 0.9985225952497749,
    "h8abjsxr": 0.9972841416134808,
    "dqyjdast": 0.9966128929842123,
    "wvkbihj8": 0.9945648506004915,
    "f8n71yog": 0.994497858907585,
    "8vl0okiv": 0.9932215964029183,
    "7m6galfd": 0.9920606426869223,
    "uubndgio": 0.9916380911600291,
    "fofy6whl": 0.9911970661786914
  },
  "38": {
    "shcjr2z9": 0.9911685285393549
  },
  "39": {
    "g4xh2b3g": 0.9993730429192248,
    "2skjqwis": 0.9993730429192248,
    "4bfve7dl": 0.9988719763679316,
    "tywy3t0y": 0.998763705763378,
    "m6kxxio1": 0.9919298439873657,
    "vegfmupx": 0.9919298439873657,
    "tqjmg3qb": 0.9766877169895246,
    "4sfc7hal": 0.9711786850707536,
    "jrsp0yef": 0.2703769473312263,
    "0q16p6qz": 0.26604561714464475
  },
  "4": {},
  "40": {
    "a51vkiei": 0.9946427265958862,
    "od3c25qg": 0.9925237086650267,
    "0nh58odf": 0.9919136586957241,
    "16lkzgtq": 0.991283508079183,
    "j8sg5n5g": 0.9835125053003378,
    "ltzk9tku": 0.9774780909772373,
    "mtngelbr": 0.9750244820367784,
    "m61qihyq": 0.9727103751468265,
    "crq9wgyi": 0.9685770177913646,
    "lkdkdque": 0.9672056014591498
  },
  "41": {
    "ey1sqch4": 0.9951656694125728,