{
  "1": {
    "wmfcey6f": 0.9998370539764393,
    "0m5mc320": 0.9997127611372707,
    "1q2gqh22": 0.999595658831702,
    "gdfxiosc": 0.9994710116024195,
    "u7u75sl0": 0.9994682949987537,
    "4dtk1kyh": 0.9994532130112521,
    "kgifmjvb": 0.9994300703795729,
    "w9yibx5o": 0.9983858502015964,
    "rzpbpxw2": 0.9976763223987547,
    "h2m0rhk1": 0.9926698070119891
  },
  "10": {
    "c7l88gjn": 0.9997881720151967,
    "g21s7pxu": 0.9997534504796537,
    "2s23t6us": 0.999714746803158,
    "0ufwlw87": 0.9996440118534854,
    "rmv5kg3w": 0.9996422580663695,
    "lnv8yi9l": 0.9995694564627989,
    "yv3x3g4u": 0.9995463939758769,
    "f0sc3vmp": 0.9823908928428314,
    "sb45v082": 0.9823908928428314,
    "4sxsyr6k": 0.027154804466355556
  },
  "11": {
    "sqqxvqi8": 0.9959063450146077,
    "ba5x3ysq": 0.9932447641455706,
    "vu74w8ga": 0.9932447641455706,
    "nj0ue2c2": 0.9886794862248811,
    "5gd0q8yq": 0.9886794862248811,
    "h1z8rg9p": 0.9653099280498424,
    "yxa8z17c": 0.893054821758942,
    "bsbz3a1l": 0.8709717672678663,
    "tof0so67": 0.8694778490946996,
    "l9tkt4th": 0.04321084666623474
  },
  "12": {
    "pkh8puhp": 0.029838066865429256,
    "d5p4chhg": 0.026423476627547345,
    "v7ve09z8": 0.011322691450818316,
    "pyxjikyr": 0.011322691450818316,
    "1fo24dq8": 0.01080879326006187,
    "y816th9a": 0.010230711449411652,
    "yo2zancp": 0.009171043701099819,
    "ao4239qg": 0.006169155715022927,
    "veckwubt": 0.0019998946411360274,
    "zcsqzz0v": 0.0019998946411360274
  },
  "13": {
    "gvfooevu": 0.9994659588402233,
    "85vnyr36": 0.9994659588402233,
    "bp9xz9wk": 0.9986517751971598,
    "fs07zdu6": 0.9986517751971598,
    "gctnx6j1": 0.9945935512412831,
    "nneyx1u3": 0.9945824940497876,
    "dv60ayn0": 0.9924974724334865,
    "2yblpbwm": 0.9819543972411158,
    "j1cdoxqs": 0.9697728983861633,
    "j7jy3va4": 0.9670738365986352
  },
  "14": {
    "koq7upoq": 0.9927342752497278,
    "kb8dz8hd": 0.9927342752497278,
    "o3b5zm5l": 0.9780786560440548,
    "g83oxgig": 0.9403905297147621,
    "1pnc889f": 0.9054268775978069,
    "opm8pghh": 0.000012684586925975781
  },
  "15": {
    "hgau3922": 0.9507596293963564,
    "959w9sln": 0.9358228408056392,
    "0egc0hkx": 0.6603302333609559,
    "712nvzp5": 0.26242407861272915
  },
  "16": {
    "k9xhphpl": 0.9988186528045314,
    "tjplc5j6": 0.9950919960019519,
    "ej93duxi": 0.9928315053638318,
    "8s9671zf": 0.972908850146516,
    "ou7w3zkv": 0.9699309829737655,
    "4hbwg18z": 0.5154837894648412,
    "rhfwbyav": 0.48703620806144216,
    "z4vfjlbg": 0.4464229972685306,
    "9fnpfncr": 0.188009885516177,
    "f7gr98eb": 0.1387449356510198
  },
  "17": {
    "t1wpujpm": 0.9995214297859488,
    "bdumhy5b": 0.9987655872575357,
    "dzvfaa8z": 0.9987654179344039,
    "h10o18ss": 0.9984108317228745,
    "ihyav3vz": 0.9983316308910862,
    "68xv786q": 0.9957440108388841,
    "ipwrd9bf": 0.9957440108388841,
    "s5lailkp": 0.9952993683891662,
    "95fc828i": 0.9847815293437278,
    "zsgv8iec": 0.7886847198598028
  },
  "18": {
    "114ku0qw": 0.9958765602784915,
    "rnle3aji": 0.995185570664196,
    "4y2hi2e9": 0.9861392199457782,
    "2ayrjhk4": 0.9674318290012809,
    "1j3ou5yv": 0.025959762507590602
  },
  "19": {
    "5ir82dxi": 0.992170743511194,
    "rq8sjc8q": 0.9917860813618096,
    "y777xosr": 0.9854104580513803,
    "ji5pqh47": 0.9740988074150922,
    "0a8sp3iz": 0.8921247821390073,
    "eevs62xf": 0.8921247821390073,
    "hma2kvn2": 0.04488055561250855,
    "gdtm4d7w": 0.04467675903566519,
    "0macgbcn": 0.000011950831812222492,
    "t9ir627s": 0.000011685689889430486
  },
  "2": {
    "hnbnr731": 0.9231135175528516,
    "92fc8ob4": 0.7257671678468353,
    "mt65k5xw": 0.6742419377575565,
    "fj3a2y1o": 0.572418690380812,
    "gwh0tsvv": 0.33391983524006563,
    "0pujch9v": 0.22001035239245342,
    "3svnvozz": 0.08667558091613235,
    "5s3en8g5": 0.0012697489980447248,
    "2opk4vn7": 0.0009320168514867421,
    "3dgd54xr": 0.00004633363175784285
  },
  "20": {
    "4ctk5vme": 0.9999549854635246,
    "7a06u9uq": 0.9999501831922041,
    "9iitpj8u": 0.9992494979640343,
    "s4ty52kb": 0.9984885340048245,
    "8hsqnwyj": 0.9983809732297005,
    "gidz04sj": 0.9983809732297005,
    "53107z56": 0.9982814550227104,
    "z3l6eden": 0.9977069783529078,
    "gwnb6ofi": 0.0018757685439256585,
    "3ljfeizg": 0.0018757685439256585
  },
  "21": {
    "eet3v4cs": 0.9815898539613662,
    "0ie6tkgm": 0.895524506019311,
    "a1vcaml0": 0.7887545260060782,
    "rv06wb3x": 0.30921278112582795,
    "lr4l368z": 0.2323899658478826,
    "dcmcog6l": 0.0301713175041263,
    "7sddz7ck": 0.0017435147542747794,
    "519u31z6": 0.0015467729639141283,
    "vokdqskd": 0.0014115248110382183,
    "tecnmybz": 0.000023972542763281338
  },
  "22": {
    "lfjud2aq": 0.9998032276063314,
    "emj1wdac": 0.9997881564627729,
    "h7x4yzet": 0.9997064623702682,
    "jot62meo": 0.9996119475703408,
    "7icw3be3": 0.999460345765201,
    "ejsqsn59": 0.9993658591307306,
    "zfs45uvp": 0.9993658591307306,
    "tu36aisz": 0.9945100069848568,
    "qt02t6tf": 0.9943275940230157,
    "ayqigfmr": 0.9941136126463391
  },
  "23": {
    "l2mpfuvz": 0.9949767246389286,
    "49d3w525": 0.9945195092396477,
    "6xntcvmb": 0.992755246095079,
    "bzz8ydcs": 0.9896417707491835,
    "tmrcgdal": 0.9016973977392915,
    "ba5zus8h": 0.44550886956139374
  },
  "24": {
    "b7m5go9y": 0.9979149427553112,
    "b9fxrt0z": 0.9711463744910416
  },
  "25": {
    "78qyuk5x": 0.9986587371922157,
    "ngbrh8sr": 0.9986587371922157,
    "awcfs1qg": 0.9664988583864041,
    "vrjucrrk": 0.8445200798424444,
    "0vphhf10": 0.8445200798424444,
    "v57ppa4f": 0.8009893886204951,
    "gijrt53n": 0.6386858754567418,
    "3gspzkjx": 0.6355929180302867,
    "8an638in": 0.505715991005953,
    "na8odvj7": 0.4031387304129765
  },
  "26": {
    "1jprldcz": 0.999715619548515,
    "t12alf1p": 0.9996280618382728,
    "0zkww45l": 0.9989270974931792,
    "6m70ltbw": 0.9976740816978449,
    "d07f65e8": 0.9948538016701837,
    "7kjwe7vf": 0.9946370981896143,
    "so23clse": 0.9798572597417593,
    "xu3uzvt3": 0.9795302744726865,
    "jpc9bx1v": 0.9462789727614779,
    "mpgcdoh9": 0.8775001882007372
  },
  "27": {
    "n15i01tn": 0.9987634325382774,
    "zdmof6zb": 0.9961408272849279,
    "svfmc5y5": 0.9947041069399676,
    "9hvhru6o": 0.5902976881751891,
    "qlir6keq": 0.4559452194723255,
    "ls6cdive": 0.07492850331688786,
    "8u7d4czd": 0.018179535974203173,
    "pn11rt09": 0.0006757320786513773,
    "r6as6syi": 0.0000416688791992728,
    "dvvyz6ji": 0.000032944353579308825
  },
  "28": {
    "bnq02x8q": 0.9980707714067026,
    "hpgrbhkl": 0.39131261077685187
  },
  "29": {
    "uuy94dwa": 0.9978035831414513,
    "6qvdrrmj": 0.9975710024299214,
    "38d6gb7o": 0.9923708300723172,
    "2cvvkrx9": 0.9888638236192298,
    "4tis2he4": 0.9871014683413916,
    "eje3i558": 0.9815469222909511,
    "xb5p25gk": 0.9752243507701476,
    "ovvyq18n": 0.9285962936435924,
    "z88imi7f": 0.922782078254925,
    "ifrgx8tx": 0.7733832376468283
  },
  "3": {
    "vqnkdskx": 0.8920195803032375
  },
  "30": {
    "bz3i0q7a": 0.9999284657947225,
    "7xc47la7": 0.9999073154226662,
    "1eiw7bxh": 0.9998654082462287,
    "gqqdx2r5": 0.9998625005589025,
    "6tcwu832": 0.999843067777355,
    "qxsr3uii": 0.9998108942804544,
    "7ovfb4mm": 0.997906225364105,
    "zlmv67ia": 0.9975488218833142,
    "40vtvseh": 0.9952375371126777,
    "wcdq0fqj": 0.975870969974903
  },
  "31": {
    "8sp12c7z": 0.9862198596920818,
    "3xw4qjoy": 0.9503512088403349,
    "kvh60zd5": 0.8794345658383937,
    "thb2pox2": 0.7809395645756666,
    "kz0mas3w": 0.7260042704056289,
    "clxza5zy": 0.6441764160073519,
    "p38x1q8s": 0.5444440736773115,
    "rrlqfmxg": 0.379010792297894,
    "vo755hxj": 0.00014787512236868696,
    "1dq91x2r": 0.000041907664160070945
  },
  "32": {},
  "33": {
    "o8bkorjn": 0.9985928479285774,
    "z225s2fc": 0.9984494165492936,
    "p36zubnf": 0.9984053781218902,