{
  "1": {
    "u7u75sl0": 0.9233520212331668,
    "rzpbpxw2": 0.6111515553254377,
    "0m5mc320": 0.6046840187884932,
    "kgifmjvb": 0.5928811847500102,
    "wmfcey6f": 0.5885921593087039,
    "utsr0zv7": 0.5757106349980706,
    "gdfxiosc": 0.5751553163303935,
    "4dtk1kyh": 0.5679798862674665,
    "qtx0d5f8": 0.5620966772678169,
    "1mjaycee": 0.5373573754919654
  },
  "10": {
    "0ufwlw87": 0.8364186118081578,
    "2s23t6us": 0.7847696448569347,
    "f0sc3vmp": 0.7605667489470483,
    "g21s7pxu": 0.7265610909212965,
    "yv3x3g4u": 0.6912757133505814,
    "all7ocnd": 0.6784894561891868,
    "x9j94s4j": 0.6673213000013172,
    "kk38cfli": 0.6639101271459702,
    "h62xj47p": 0.6167843148034605,
    "ywxatbk0": 0.5926359354915205
  },
  "11": {
    "tof0so67": 0.8349658533015571,
    "ba5x3ysq": 0.8002558884678614,
    "h1z8rg9p": 0.7233023578444053,
    "sqqxvqi8": 0.5798829024790358,
    "64sox1ud": 0.5511530367110431,
    "tbq04dwn": 0.5209556737879201,
    "me4z2n86": 0.5136837421161226,
    "5gd0q8yq": 0.512140219832691,
    "nj0ue2c2": 0.509452248439979,
    "jv3xx09f": 0.4850813265808048
  },
  "12": {
    "yo2zancp": 0.8608687943238551,
    "1fo24dq8": 0.8099226190741491,
    "y816th9a": 0.41341825208748884,
    "pkh8puhp": 0.3765363997257376,
    "veckwubt": 0.2779258155671785,
    "ao4239qg": 0.27276861351112064,
    "v7ve09z8": 0.26250275843787507,
    "zxe95qy9": 0.25752067204911744,
    "d5p4chhg": 0.2362792679249775,
    "zcsqzz0v": 0.23364854071539326
  },
  "13": {
    "2yblpbwm": 0.5902530617357997,
    "85vnyr36": 0.5902472350640051,
    "fs07zdu6": 0.5412057821657704,
    "9hq8xdhi": 0.5156462194311066,
    "gvfooevu": 0.49559747506242646,
    "b8y3nhcs": 0.48441138526565464,
    "342thf3o": 0.4816963669093802,
    "jfe8neec": 0.48001701606283415,
    "89fwi0q2": 0.4723508082307035,
    "scptrala": 0.46092093067705353
  },
  "14": {
    "g83oxgig": 0.8443262338953162,
    "koq7upoq": 0.8301089744073824,
    "kb8dz8hd": 0.7815712294912912,
    "opm8pghh": 0.7670411338421832,
    "0h8b051i": 0.6471226235927907,
    "0dlv1ukh": 0.5948103673069016,
    "zpib6e2z": 0.5854316717255036,
    "na3vrf5q": 0.5525889176966939,
    "p48bw6s4": 0.5444230707586858,
    "01algszv": 0.5388608069231338
  },
  "15": {
    "959w9sln": 0.8459680251249663,
    "hgau3922": 0.7295947371164506,
    "ilvx51f4": 0.4420983348563811,
    "jrdr219f": 0.34087842490550596,
    "oi7karvd": 0.2688496514039132,
    "x3b6j5d0": 0.23614764921735823,
    "sdi34gvl": 0.20701754722397722,
    "0egc0hkx": 0.1705302443204984,
    "u5nxm9tu": 0.1694092170296891,
    "x6n7n02f": 0.15294109621864382
  },
  "16": {
    "ou7w3zkv": 0.6526026180555768,
    "f7gr98eb": 0.6309635006991969,
    "9fnpfncr": 0.6220132359418451,
    "rhfwbyav": 0.5955207792712229,
    "z4vfjlbg": 0.5663868512583232,
    "ej93duxi": 0.5608332127113389,
    "k9xhphpl": 0.5549048486778582,
    "ssq0dwmn": 0.5453973462605598,
    "khpc9f98": 0.49997303612484434,
    "e2paoo2m": 0.4833483447965515
  },
  "17": {
    "dzvfaa8z": 0.8492265223122789,
    "h10o18ss": 0.7886897779952341,
    "68xv786q": 0.6545251503579337,
    "zsgv8iec": 0.6215821200228728,
    "t1wpujpm": 0.5838542138205332,
    "mq9qszvh": 0.5837217314859566,
    "tasbdhs1": 0.5294248851703979,
    "s5lailkp": 0.5104334752082993,
    "z91sksce": 0.5104322155035296,
    "ym5vrcdm": 0.5080322938154395
  },
  "18": {
    "rnle3aji": 0.8541001039362824,
    "1j3ou5yv": 0.8303553785115798,
    "114ku0qw": 0.8125129208221165,
    "2ayrjhk4": 0.7892014148177777,
    "imv1ygf6": 0.7098699032572231,
    "4y2hi2e9": 0.6669587839795403,
    "pyc7gj1p": 0.656051129216635,
    "n18gp3wj": 0.6464272095345309,
    "7qj00qi9": 0.6426292490411818,
    "3ttcfhm3": 0.6421867559654919
  },
  "19": {
    "y777xosr": 0.8014008370313148,
    "rq8sjc8q": 0.713593225565752,
    "0macgbcn": 0.7024646912030605,
    "0a8sp3iz": 0.6954986919727504,
    "eevs62xf": 0.6741848385826882,
    "hma2kvn2": 0.6733369921810521,
    "t9ir627s": 0.6188416471946068,
    "gdtm4d7w": 0.5933576342878011,
    "20ipkh78": 0.5877832993793151,
    "uhhk4t7f": 0.5683526391562567
  },
  "2": {
    "3dgd54xr": 0.4804018247134045,
    "fj3a2y1o": 0.4731150436525184,
    "5s3en8g5": 0.46665801221674674,
    "zespmk29": 0.4588888288272784,
    "zibyhw7e": 0.4456774580966075,
    "3svnvozz": 0.35378641068711153,
    "hnbnr731": 0.31593904727575617,
    "p75jh4t0": 0.2602133885551032,
    "miyvn7vd": 0.2592383442465526,
    "h0jwvzmo": 0.20413846771538985
  },
  "20": {
    "3ljfeizg": 0.870467201944511,
    "gwnb6ofi": 0.86572109557778,
    "4ctk5vme": 0.6898142086547179,
    "7a06u9uq": 0.6791054146920288,
    "z3l6eden": 0.6629949482974199,
    "53107z56": 0.6390590979817722,
    "8hsqnwyj": 0.6111163732308931,
    "gidz04sj": 0.5901755220669965,
    "9iitpj8u": 0.5589102055654365,
    "s4ty52kb": 0.5577933258531824
  },
  "21": {
    "7sddz7ck": 0.4546600433885753,
    "519u31z6": 0.4535637822662119,
    "eet3v4cs": 0.41382616703764596,
    "vzmn6zep": 0.38665939530877047,
    "a1vcaml0": 0.3858593655798376,
    "gs9nvs5h": 0.36152197028566063,
    "f3eogz0n": 0.3450529770498136,
    "0ie6tkgm": 0.3406057018219742,
    "tecnmybz": 0.33521660431691475,
    "8g3vfjka": 0.31276157448224867
  },
  "22": {
    "emj1wdac": 0.8521637650148297,
    "zfs45uvp": 0.8456622046745629,
    "h7x4yzet": 0.6380013427716469,
    "jot62meo": 0.6188116795200347,
    "qt02t6tf": 0.5778106263339677,
    "tu36aisz": 0.5777571084151298,
    "7icw3be3": 0.5687436531549902,
    "ejsqsn59": 0.5619644402067433,
    "lfjud2aq": 0.5619644402067433,
    "6iw7dnz6": 0.5365094982219697
  },
  "23": {
    "6xntcvmb": 0.8359542710216064,
    "bzz8ydcs": 0.8215866084729018,
    "ba5zus8h": 0.6413474977424358,
    "tmrcgdal": 0.5991976350470489,
    "49d3w525": 0.5912212037214789,
    "j12siti1": 0.575808496609076,
    "i7ng9gzw": 0.575808496609076,
    "sxwfnwak": 0.5588892299034804,
    "ta9g9ceh": 0.5487204630204381,
    "4ko4lwjz": 0.5430025224865518
  },
  "24": {
    "b9fxrt0z": 0.8166947954546837,
    "33c85eaa": 0.7582534650434745,
    "b7m5go9y": 0.7509293117688451,
    "javx1luo": 0.7351714460378911,
    "xlxfex1j": 0.7253851363931236,
    "02ua1qyj": 0.7005886780995665,
    "lvcxrmih": 0.6982348538386264,
    "v6zi2iz6": 0.6522643079227338,
    "l34j91iw": 0.6260226564367077,
    "ff04vt1d": 0.6101698094684872
  },
  "25": {
    "8an638in": 0.8089292070072872,
    "awcfs1qg": 0.5880174722012136,
    "78qyuk5x": 0.487494940154563,
    "t996fbad": 0.46278567093528755,
    "9k8r18x7": 0.46278567093528755,
    "na8odvj7": 0.44697750718638124,
    "vrjucrrk": 0.4224546817369916,
    "8vtz7owc": 0.422124413277434,
    "m3i4p928": 0.41468709177149043,
    "aoi4iqkf": 0.40458498312858904
  },
  "26": {
    "6m70ltbw": 0.8060354854134443,
    "mt9z3cxx": 0.5960263431677963,
    "7kjwe7vf": 0.5912942660967805,
    "0zkww45l": 0.5868705823684857,
    "1jprldcz": 0.568060372683858,
    "z5u32l0w": 0.5590037349209842,
    "xu3uzvt3": 0.5219302878282723,
    "mpgcdoh9": 0.5119216817397902,
    "i34j6mzv": 0.5116345235766337,
    "udybki7w": 0.509002223806802
  },
  "27": {
    "svfmc5y5": 0.8463978035021807,
    "ls6cdive": 0.742411746270911,
    "qlir6keq": 0.6791956191946578,
    "r6as6syi": 0.6049552866468537,
    "n15i01tn": 0.586084858645255,
    "tiz12unx": 0.5785558001969656,
    "ai1x7cue": 0.5757109011777014,
    "xz6pq0v3": 0.5671894390841216,
    "hv0cwf6d": 0.5671894390841216,
    "wxvf9xmt": 0.5387908499800724
  },
  "28": {
    "hpgrbhkl": 0.8629751221353602,
    "xx8snj1h": 0.8220101758331337,
    "16d0zvot": 0.7753749597085501,
    "ustcepbv": 0.7368523596557983,
    "z434n5k1": 0.7273226215077054,
    "fpn9y7e6": 0.7273226215077054,
    "em8wchd1": 0.6057543170138322,
    "bjz7whqh": 0.602427522151809,
    "2clz993c": 0.6020393081787043,
    "bnq02x8q": 0.5652572463191345
  },
  "29": {
    "4tis2he4": 0.8763170535284872,
    "eje3i558": 0.7250520067675197,
    "z88imi7f": 0.682205947102302,