{
  "weights": [
    -0.33146613399857233,
    0.45091817933589323,
    1.984504186688446,
    -0.04457333055126734
  ],
  "bias": -1.9734344960585504,
  "num_queries": 313,
  "alpha_min": 0.05,
  "alpha_max": 0.95,
  "alpha_mean": 0.09808306709265176
}